"name","email","phone","company","source","status","company_size","interactions_count","previous_deals","deal_value","days_since_last_interaction","converted"
"Rowan Sawyer","lead001@example.test","+1-202-555-1001","Horizon Commerce 1","Google Ads","qualified","1766","7","4","142803.36","86","1"
"Kendall Dawson","lead002@example.test","+1-202-555-1002","Lighthouse Analytics 2","Cold Call","converted","626","5","4","73541.6","88","1"
"Morgan Whitaker","lead003@example.test","+1-202-555-1003","Evergreen Labs 3","Website","qualified","1222","15","2","188861.85","165","1"
"Rowan Ellis","lead004@example.test","+1-202-555-1004","Lighthouse Health 4","Cold Call","new","813","13","4","102409.67","148","1"
"Sage Turner","lead005@example.test","+1-202-555-1005","Keystone Systems 5","Website","lost","1466","12","4","174386.4","128","0"
"Cameron West","lead006@example.test","+1-202-555-1006","Brightline Commerce 6","LinkedIn","contacted","1765","2","4","54585.36","153","0"
"Rowan Bennett","lead007@example.test","+1-202-555-1007","Summit Analytics 7","Website","contacted","1800","10","0","97678.06","37","0"
"Rowan Keller","lead008@example.test","+1-202-555-1008","Horizon Labs 8","Referral","contacted","1929","9","2","133067.04","178","0"
"Finley Young","lead009@example.test","+1-202-555-1009","Evergreen Partners 9","Google Ads","lost","345","5","5","182441.58","123","0"
"Casey Reed","lead010@example.test","+1-202-555-1010","Clearpath Solutions 10","Email Campaign","new","900","13","4","11928.83","168","1"
"Cameron Dawson","lead011@example.test","+1-202-555-1011","Keystone Media 11","LinkedIn","contacted","1028","13","0","88852.12","60","0"
"Reese Harper","lead012@example.test","+1-202-555-1012","Northstar Works 12","LinkedIn","converted","825","10","4","150631.08","34","1"
"Rowan Foster","lead013@example.test","+1-202-555-1013","Cedar Systems 13","Google Ads","new","1064","3","3","153237.3","83","0"
"Reese Jensen","lead014@example.test","+1-202-555-1014","Horizon Analytics 14","Cold Call","qualified","1066","14","3","195151.9","5","1"
"Jamie Palmer","lead015@example.test","+1-202-555-1015","Brightline Systems 15","Google Ads","lost","830","4","5","127752.81","10","0"
"Hayden Foster","lead016@example.test","+1-202-555-1016","Pioneer Analytics 16","Website","contacted","1098","10","5","159839.12","134","0"
"Hayden Sawyer","lead017@example.test","+1-202-555-1017","Clearpath Logistics 17","Email Campaign","qualified","16","7","1","120562.75","71","0"
"Reese Harper","lead018@example.test","+1-202-555-1018","Pioneer Ventures 18","LinkedIn","contacted","307","0","2","47809.37","23","0"
"Finley Lawson","lead019@example.test","+1-202-555-1019","Redwood Works 19","LinkedIn","qualified","1408","0","5","44086.93","51","1"
"Hayden Griffin","lead020@example.test","+1-202-555-1020","Brightline Works 20","Google Ads","qualified","905","5","4","126921.49","69","1"
"Drew Palmer","lead021@example.test","+1-202-555-1021","Summit Solutions 21","Google Ads","lost","1654","10","3","13386.41","79","0"
"Reese Monroe","lead022@example.test","+1-202-555-1022","Northstar Labs 22","Email Campaign","qualified","323","7","0","146059.31","177","0"
"Jamie Sawyer","lead023@example.test","+1-202-555-1023","Evergreen Labs 23","Cold Call","converted","1622","13","1","194687.63","4","1"
"Morgan Jensen","lead024@example.test","+1-202-555-1024","Pioneer Health 24","Email Campaign","converted","1854","11","3","106039.93","42","1"
"Finley Warren","lead025@example.test","+1-202-555-1025","Pioneer Systems 25","Cold Call","converted","581","8","5","153710.07","66","1"
"Casey Sawyer","lead026@example.test","+1-202-555-1026","Horizon Supply 26","Email Campaign","contacted","926","6","0","53314.75","160","0"
"Cameron Foster","lead027@example.test","+1-202-555-1027","Blue Oak Commerce 27","LinkedIn","lost","378","3","0","29634.25","150","0"
"Rowan West","lead028@example.test","+1-202-555-1028","Summit Media 28","Facebook","lost","929","8","0","105304.76","45","0"
"Emerson Lawson","lead029@example.test","+1-202-555-1029","Atlas Labs 29","Referral","qualified","1145","15","5","193923.34","175","1"
"Alex Jensen","lead030@example.test","+1-202-555-1030","Keystone Labs 30","Referral","qualified","883","2","5","129599.14","93","0"
"Jamie Turner","lead031@example.test","+1-202-555-1031","Horizon Works 31","Cold Call","qualified","1894","12","5","45442.45","145","1"
"Taylor Keller","lead032@example.test","+1-202-555-1032","Oakridge Media 32","Facebook","converted","498","7","5","103885.45","64","1"
"Drew Carter","lead033@example.test","+1-202-555-1033","Blue Oak Analytics 33","Email Campaign","converted","783","15","4","109202.58","1","1"
"Jamie Nolan","lead034@example.test","+1-202-555-1034","Silver Birch Analytics 34","Google Ads","lost","1045","11","3","17526.45","70","0"
"Morgan Griffin","lead035@example.test","+1-202-555-1035","Keystone Media 35","Google Ads","new","1933","6","4","178501.85","36","1"
"Skyler Sawyer","lead036@example.test","+1-202-555-1036","Evergreen Works 36","Referral","qualified","1286","9","2","152490.52","126","0"
"Emerson Turner","lead037@example.test","+1-202-555-1037","Blue Oak Solutions 37","Website","qualified","1049","15","3","189212.15","39","1"
"Sage Warren","lead038@example.test","+1-202-555-1038","Atlas Logistics 38","Google Ads","lost","867","14","2","145054.03","20","0"
"Cameron Carter","lead039@example.test","+1-202-555-1039","Atlas Systems 39","LinkedIn","lost","1125","6","3","118528.49","16","0"
"Kendall Jensen","lead040@example.test","+1-202-555-1040","Evergreen Commerce 40","LinkedIn","contacted","608","15","3","160592.34","155","0"
"Hayden Monroe","lead041@example.test","+1-202-555-1041","Oakridge Ventures 41","LinkedIn","lost","1837","14","3","42299.82","53","0"
"Skyler Jensen","lead042@example.test","+1-202-555-1042","Atlas Labs 42","LinkedIn","converted","129","7","4","119305.11","7","1"
"Taylor Keller","lead043@example.test","+1-202-555-1043","Cedar Commerce 43","Facebook","contacted","244","3","5","161386.85","126","0"
"Jamie Reed","lead044@example.test","+1-202-555-1044","Lighthouse Systems 44","Cold Call","new","902","7","0","150771.91","93","0"
"Finley Sawyer","lead045@example.test","+1-202-555-1045","Horizon Solutions 45","LinkedIn","qualified","1348","10","1","48923.99","144","0"
"Rowan Warren","lead046@example.test","+1-202-555-1046","Redwood Labs 46","Cold Call","contacted","1224","15","4","142755.01","43","1"
"Emerson Harper","lead047@example.test","+1-202-555-1047","Summit Systems 47","Cold Call","lost","1089","5","5","120205.33","117","0"
"Quinn Monroe","lead048@example.test","+1-202-555-1048","Keystone Partners 48","Website","new","1700","9","5","149786.74","134","1"
"Casey Reed","lead049@example.test","+1-202-555-1049","Clearpath Ventures 49","Website","qualified","1775","0","2","94936.88","10","0"
"Jordan Keller","lead050@example.test","+1-202-555-1050","Keystone Solutions 50","Google Ads","qualified","1134","14","1","8617.08","71","1"
"Casey Carter","lead051@example.test","+1-202-555-1051","Horizon Solutions 51","Cold Call","lost","1004","12","3","72366.29","171","0"
"Hayden Reed","lead052@example.test","+1-202-555-1052","Lighthouse Commerce 52","Google Ads","lost","556","14","2","173549.94","83","0"
"Taylor Foster","lead053@example.test","+1-202-555-1053","Keystone Works 53","Referral","converted","1617","4","4","86849.4","22","1"
"Skyler Young","lead054@example.test","+1-202-555-1054","Lighthouse Commerce 54","Google Ads","qualified","1701","10","0","42193.5","36","0"
"Drew Sawyer","lead055@example.test","+1-202-555-1055","Atlas Labs 55","LinkedIn","lost","348","8","3","147176.21","11","0"
"Alex Monroe","lead056@example.test","+1-202-555-1056","Clearpath Labs 56","Facebook","new","383","10","2","97810.08","76","1"
"Riley Lawson","lead057@example.test","+1-202-555-1057","Redwood Systems 57","Referral","qualified","1796","3","5","129609.13","48","1"
"Jamie Palmer","lead058@example.test","+1-202-555-1058","Lighthouse Works 58","Facebook","lost","1063","1","5","125024.48","114","0"
"Jamie Carter","lead059@example.test","+1-202-555-1059","Cedar Supply 59","Website","qualified","1483","1","1","110708.22","107","0"
"Skyler Young","lead060@example.test","+1-202-555-1060","Lighthouse Analytics 60","Cold Call","converted","1312","14","5","38795.66","70","1"
"Finley Whitaker","lead061@example.test","+1-202-555-1061","Summit Analytics 61","Google Ads","converted","1149","6","3","82645.87","81","1"
"Morgan Griffin","lead062@example.test","+1-202-555-1062","Northstar Health 62","Facebook","qualified","995","7","1","21563.6","173","0"
"Hayden Palmer","lead063@example.test","+1-202-555-1063","Blue Oak Systems 63","Referral","contacted","666","0","0","8004.85","89","0"
"Jordan Harper","lead064@example.test","+1-202-555-1064","Pioneer Analytics 64","Google Ads","converted","1135","12","5","17706.66","48","1"
"Reese Foster","lead065@example.test","+1-202-555-1065","Atlas Analytics 65","Email Campaign","lost","663","10","4","21003.69","27","0"
"Avery Dawson","lead066@example.test","+1-202-555-1066","Keystone Logistics 66","Referral","lost","65","3","1","181467.06","83","0"
"Quinn Monroe","lead067@example.test","+1-202-555-1067","Redwood Health 67","Cold Call","lost","830","5","3","198604.32","120","0"
"Sage Bennett","lead068@example.test","+1-202-555-1068","Atlas Commerce 68","Cold Call","lost","1747","15","3","29360.8","99","0"
"Cameron Young","lead069@example.test","+1-202-555-1069","Redwood Supply 69","Cold Call","qualified","14","12","4","143740.45","113","1"
"Skyler Carter","lead070@example.test","+1-202-555-1070","Horizon Analytics 70","Google Ads","converted","336","6","2","25085.45","61","1"
"Emerson Bennett","lead071@example.test","+1-202-555-1071","Atlas Health 71","Referral","converted","1423","14","5","174454.87","89","1"
"Avery Whitaker","lead072@example.test","+1-202-555-1072","Brightline Logistics 72","Facebook","lost","1629","12","1","150273.9","173","0"
"Emerson Foster","lead073@example.test","+1-202-555-1073","Atlas Solutions 73","Google Ads","contacted","1834","6","4","57158.13","83","0"
"Rowan Ellis","lead074@example.test","+1-202-555-1074","Blue Oak Supply 74","Referral","contacted","531","14","0","113197.94","16","1"
"Jamie Dawson","lead075@example.test","+1-202-555-1075","Cedar Media 75","Cold Call","contacted","439","8","1","92642.74","21","1"
"Cameron Griffin","lead076@example.test","+1-202-555-1076","Redwood Commerce 76","LinkedIn","qualified","371","11","2","7667.06","111","1"
"Emerson Warren","lead077@example.test","+1-202-555-1077","Silver Birch Logistics 77","Facebook","new","969","0","0","196315.01","146","0"
"Avery Foster","lead078@example.test","+1-202-555-1078","Pioneer Works 78","Website","converted","129","15","3","91707.71","84","1"
"Rowan Jensen","lead079@example.test","+1-202-555-1079","Brightline Logistics 79","Cold Call","qualified","1680","2","5","132932.48","21","1"
"Riley Young","lead080@example.test","+1-202-555-1080","Blue Oak Partners 80","LinkedIn","qualified","459","5","0","187888.56","125","0"
"Drew Young","lead081@example.test","+1-202-555-1081","Silver Birch Health 81","Website","contacted","1260","10","3","108401.03","3","1"
"Alex West","lead082@example.test","+1-202-555-1082","Northstar Analytics 82","Referral","new","1420","13","5","185763.46","149","0"
"Kendall Whitaker","lead083@example.test","+1-202-555-1083","Lighthouse Partners 83","Referral","lost","771","8","4","133114.73","104","0"
"Hayden Monroe","lead084@example.test","+1-202-555-1084","Oakridge Media 84","Website","qualified","943","11","5","84954.44","133","1"
"Parker Foster","lead085@example.test","+1-202-555-1085","Cedar Analytics 85","Referral","converted","1531","9","5","109108.77","11","1"
"Kendall Dawson","lead086@example.test","+1-202-555-1086","Atlas Supply 86","Website","contacted","378","1","3","21151.96","1","1"
"Rowan Lawson","lead087@example.test","+1-202-555-1087","Blue Oak Logistics 87","Facebook","contacted","1610","1","5","85935.67","55","0"
"Jamie West","lead088@example.test","+1-202-555-1088","Northstar Media 88","LinkedIn","contacted","1529","11","5","186072.7","91","1"
"Rowan Keller","lead089@example.test","+1-202-555-1089","Silver Birch Logistics 89","Referral","contacted","1106","15","1","16785.68","48","0"
"Avery Keller","lead090@example.test","+1-202-555-1090","Redwood Analytics 90","Referral","new","1065","8","5","43443.54","32","1"
"Cameron Lawson","lead091@example.test","+1-202-555-1091","Clearpath Works 91","LinkedIn","contacted","1798","9","5","114475.75","119","0"
"Emerson Reed","lead092@example.test","+1-202-555-1092","Horizon Ventures 92","Email Campaign","contacted","157","12","3","176954.01","128","1"
"Parker Sawyer","lead093@example.test","+1-202-555-1093","Silver Birch Ventures 93","LinkedIn","converted","1442","13","3","71940.12","12","1"
"Kendall Ellis","lead094@example.test","+1-202-555-1094","Clearpath Logistics 94","Facebook","lost","1308","7","2","41128.99","124","0"
"Drew Dawson","lead095@example.test","+1-202-555-1095","Evergreen Solutions 95","Facebook","lost","1379","0","3","137849.64","5","0"
"Avery Warren","lead096@example.test","+1-202-555-1096","Evergreen Ventures 96","Referral","converted","187","11","5","129347.22","65","1"
"Riley Turner","lead097@example.test","+1-202-555-1097","Lighthouse Logistics 97","Google Ads","lost","528","3","0","161740.28","129","0"
"Kendall Turner","lead098@example.test","+1-202-555-1098","Blue Oak Analytics 98","Referral","contacted","1072","2","3","74740.24","136","0"
"Reese Carter","lead099@example.test","+1-202-555-1099","Summit Supply 99","Email Campaign","converted","1689","11","4","103269.02","53","1"
"Rowan Sawyer","lead100@example.test","+1-202-555-1100","Pioneer Health 100","Website","qualified","881","1","3","121679.77","103","1"
"Rowan Jensen","lead101@example.test","+1-202-555-1101","Silver Birch Solutions 101","Email Campaign","new","1995","6","3","85668.11","54","0"
"Taylor Young","lead102@example.test","+1-202-555-1102","Northstar Media 102","Facebook","contacted","1786","11","4","159181.44","13","1"
"Kendall Carter","lead103@example.test","+1-202-555-1103","Pioneer Media 103","Referral","converted","1351","7","1","34297.87","76","1"
"Riley Jensen","lead104@example.test","+1-202-555-1104","Cedar Labs 104","Website","qualified","687","2","0","105262.92","138","0"
"Cameron Sawyer","lead105@example.test","+1-202-555-1105","Keystone Systems 105","Google Ads","contacted","262","11","4","72723.2","50","1"
"Emerson Sawyer","lead106@example.test","+1-202-555-1106","Oakridge Supply 106","Email Campaign","qualified","1366","8","3","140980.64","119","0"
"Drew Bennett","lead107@example.test","+1-202-555-1107","Northstar Supply 107","Google Ads","converted","1056","11","3","78948.9","89","1"
"Avery Bennett","lead108@example.test","+1-202-555-1108","Blue Oak Labs 108","Email Campaign","new","1920","2","1","101569.3","63","0"
"Emerson Warren","lead109@example.test","+1-202-555-1109","Lighthouse Supply 109","Google Ads","new","1142","10","3","58786.32","25","0"
"Jamie Warren","lead110@example.test","+1-202-555-1110","Blue Oak Media 110","Referral","qualified","577","8","0","169621.44","120","0"
"Drew West","lead111@example.test","+1-202-555-1111","Redwood Systems 111","Facebook","converted","1453","8","2","160653.11","37","1"
"Sage West","lead112@example.test","+1-202-555-1112","Summit Logistics 112","Cold Call","converted","75","15","5","8793.11","18","1"
"Morgan Sawyer","lead113@example.test","+1-202-555-1113","Cedar Labs 113","Facebook","lost","532","5","0","149583.86","99","0"
"Jamie Bennett","lead114@example.test","+1-202-555-1114","Horizon Media 114","Facebook","converted","1317","15","4","135322.6","43","1"
"Finley Ellis","lead115@example.test","+1-202-555-1115","Brightline Supply 115","Cold Call","contacted","926","10","1","44607.45","75","1"
"Kendall Harper","lead116@example.test","+1-202-555-1116","Atlas Systems 116","LinkedIn","contacted","485","3","5","45073.56","56","1"
"Taylor Griffin","lead117@example.test","+1-202-555-1117","Atlas Logistics 117","Facebook","converted","491","5","5","176345.42","72","1"
"Quinn Jensen","lead118@example.test","+1-202-555-1118","Brightline Solutions 118","Facebook","contacted","1702","10","1","40389.4","77","0"
"Finley Harper","lead119@example.test","+1-202-555-1119","Summit Ventures 119","Facebook","converted","1343","13","3","151121.8","87","1"
"Kendall Carter","lead120@example.test","+1-202-555-1120","Horizon Commerce 120","Facebook","qualified","898","13","4","119546.25","107","1"
"Emerson Griffin","lead121@example.test","+1-202-555-1121","Silver Birch Systems 121","Email Campaign","new","1188","8","5","140559.66","176","0"
"Casey Carter","lead122@example.test","+1-202-555-1122","Oakridge Systems 122","Google Ads","new","435","5","3","182339.87","157","0"
"Drew Warren","lead123@example.test","+1-202-555-1123","Oakridge Labs 123","Referral","qualified","915","5","5","19958.32","21","1"
"Kendall Monroe","lead124@example.test","+1-202-555-1124","Evergreen Logistics 124","Google Ads","qualified","689","4","0","153917.12","12","0"
"Emerson Foster","lead125@example.test","+1-202-555-1125","Lighthouse Labs 125","LinkedIn","contacted","526","10","2","199286.95","122","0"
"Taylor Turner","lead126@example.test","+1-202-555-1126","Lighthouse Commerce 126","Referral","lost","238","3","5","90072.18","43","0"
"Emerson Dawson","lead127@example.test","+1-202-555-1127","Clearpath Logistics 127","Facebook","lost","925","12","4","106977.16","41","0"
"Riley Reed","lead128@example.test","+1-202-555-1128","Oakridge Media 128","Cold Call","qualified","264","15","5","70355.19","179","1"
"Riley Whitaker","lead129@example.test","+1-202-555-1129","Northstar Works 129","Google Ads","converted","911","7","3","38447.33","14","1"
"Jamie Monroe","lead130@example.test","+1-202-555-1130","Keystone Health 130","Google Ads","qualified","384","2","3","143439.07","80","0"
"Rowan Harper","lead131@example.test","+1-202-555-1131","Summit Systems 131","Referral","contacted","1544","14","3","109367.61","179","0"
"Skyler Carter","lead132@example.test","+1-202-555-1132","Blue Oak Analytics 132","Website","qualified","1358","1","3","84060.82","54","0"
"Kendall Bennett","lead133@example.test","+1-202-555-1133","Brightline Commerce 133","Website","lost","925","12","1","99737.86","176","0"
"Finley Young","lead134@example.test","+1-202-555-1134","Oakridge Logistics 134","Cold Call","contacted","895","4","3","160110.34","79","0"
"Rowan Ellis","lead135@example.test","+1-202-555-1135","Cedar Logistics 135","Website","qualified","1467","1","0","169014.1","46","0"
"Finley Keller","lead136@example.test","+1-202-555-1136","Horizon Ventures 136","Website","contacted","1831","6","0","49587.17","52","0"
"Rowan Monroe","lead137@example.test","+1-202-555-1137","Summit Commerce 137","Email Campaign","new","1778","2","3","174545.29","160","0"
"Sage Harper","lead138@example.test","+1-202-555-1138","Clearpath Ventures 138","Cold Call","converted","1690","14","4","141603.25","51","1"
"Cameron West","lead139@example.test","+1-202-555-1139","Northstar Works 139","Referral","converted","116","10","5","14492.49","86","1"
"Reese Warren","lead140@example.test","+1-202-555-1140","Atlas Supply 140","Referral","lost","1021","0","3","42282.59","69","0"
"Quinn Turner","lead141@example.test","+1-202-555-1141","Blue Oak Ventures 141","Email Campaign","qualified","1589","9","1","108303.64","78","1"
"Kendall Nolan","lead142@example.test","+1-202-555-1142","Pioneer Systems 142","Cold Call","qualified","1577","13","5","123525.94","2","1"
"Skyler Lawson","lead143@example.test","+1-202-555-1143","Summit Works 143","Cold Call","converted","767","14","5","97330.06","12","1"
"Finley Ellis","lead144@example.test","+1-202-555-1144","Brightline Labs 144","Referral","qualified","1780","15","4","23551.11","52","1"
"Casey Keller","lead145@example.test","+1-202-555-1145","Atlas Works 145","Cold Call","lost","975","0","2","20684.12","60","0"
"Rowan Dawson","lead146@example.test","+1-202-555-1146","Cedar Labs 146","Facebook","converted","1588","12","4","190340.98","71","1"
"Morgan Young","lead147@example.test","+1-202-555-1147","Atlas Solutions 147","LinkedIn","qualified","1150","1","5","68465.12","3","1"
"Jordan Whitaker","lead148@example.test","+1-202-555-1148","Blue Oak Supply 148","Google Ads","converted","1176","9","5","47463.68","27","1"
"Emerson Harper","lead149@example.test","+1-202-555-1149","Brightline Ventures 149","Email Campaign","converted","1848","15","2","198615.17","80","1"
"Quinn Lawson","lead150@example.test","+1-202-555-1150","Atlas Supply 150","Google Ads","converted","1184","15","5","159171.47","88","1"
"Avery Turner","lead151@example.test","+1-202-555-1151","Northstar Analytics 151","Email Campaign","converted","997","11","5","184834.3","88","1"
"Skyler Harper","lead152@example.test","+1-202-555-1152","Atlas Supply 152","Email Campaign","lost","1899","13","3","133434.22","178","0"
"Hayden Carter","lead153@example.test","+1-202-555-1153","Keystone Partners 153","Website","qualified","474","15","4","180902.25","50","1"
"Riley West","lead154@example.test","+1-202-555-1154","Northstar Commerce 154","Website","qualified","413","9","0","53646.95","161","0"
"Hayden West","lead155@example.test","+1-202-555-1155","Blue Oak Systems 155","Website","converted","931","8","2","97127.2","33","1"
"Cameron Sawyer","lead156@example.test","+1-202-555-1156","Northstar Works 156","Email Campaign","new","1194","12","0","128191.07","105","0"
"Jordan Lawson","lead157@example.test","+1-202-555-1157","Brightline Health 157","Google Ads","contacted","441","9","1","50010.08","3","1"
"Alex Keller","lead158@example.test","+1-202-555-1158","Oakridge Ventures 158","Cold Call","contacted","1296","1","4","92128.33","162","0"
"Avery Turner","lead159@example.test","+1-202-555-1159","Keystone Solutions 159","LinkedIn","contacted","192","9","2","29236.65","71","1"
"Sage Ellis","lead160@example.test","+1-202-555-1160","Keystone Systems 160","Website","lost","1729","1","4","26555.03","123","0"
"Jordan Sawyer","lead161@example.test","+1-202-555-1161","Oakridge Media 161","Email Campaign","qualified","225","9","3","107407.59","55","1"
"Casey Nolan","lead162@example.test","+1-202-555-1162","Summit Logistics 162","Website","qualified","807","10","0","14505.04","45","1"
"Quinn Lawson","lead163@example.test","+1-202-555-1163","Blue Oak Supply 163","Google Ads","converted","254","14","1","70765.21","33","1"
"Avery Bennett","lead164@example.test","+1-202-555-1164","Redwood Health 164","Website","converted","15","15","2","99027.91","64","1"
"Drew Bennett","lead165@example.test","+1-202-555-1165","Atlas Commerce 165","LinkedIn","qualified","745","2","0","148939.87","72","0"
"Alex Young","lead166@example.test","+1-202-555-1166","Northstar Solutions 166","Website","lost","1669","6","3","56508.89","130","0"
"Alex Jensen","lead167@example.test","+1-202-555-1167","Pioneer Solutions 167","Facebook","converted","1760","13","1","21347.37","65","1"
"Jordan Reed","lead168@example.test","+1-202-555-1168","Horizon Media 168","Google Ads","lost","879","3","5","89896.24","152","0"
"Morgan Lawson","lead169@example.test","+1-202-555-1169","Summit Commerce 169","Referral","qualified","650","10","5","181923.58","132","1"
"Riley West","lead170@example.test","+1-202-555-1170","Silver Birch Systems 170","Google Ads","contacted","1024","7","1","147628.02","134","0"
"Jamie Monroe","lead171@example.test","+1-202-555-1171","Blue Oak Works 171","LinkedIn","contacted","1378","3","3","21897.86","127","0"
"Skyler Sawyer","lead172@example.test","+1-202-555-1172","Silver Birch Systems 172","Cold Call","new","177","2","5","29789.1","96","0"
"Taylor Foster","lead173@example.test","+1-202-555-1173","Atlas Labs 173","Email Campaign","qualified","920","7","4","124407.71","104","1"
"Morgan West","lead174@example.test","+1-202-555-1174","Summit Labs 174","Referral","qualified","207","1","0","45281.39","65","0"
"Emerson Harper","lead175@example.test","+1-202-555-1175","Pioneer Systems 175","Google Ads","qualified","1596","10","5","81772.77","56","1"
"Sage Whitaker","lead176@example.test","+1-202-555-1176","Summit Health 176","Google Ads","contacted","1293","3","0","168300.69","177","0"
"Finley Griffin","lead177@example.test","+1-202-555-1177","Oakridge Commerce 177","Website","qualified","1163","14","5","108555.57","35","1"
"Finley Foster","lead178@example.test","+1-202-555-1178","Redwood Logistics 178","Cold Call","converted","1478","12","3","50205.61","77","1"
"Skyler Nolan","lead179@example.test","+1-202-555-1179","Blue Oak Ventures 179","Cold Call","qualified","1382","7","2","121104.14","72","1"
"Emerson Warren","lead180@example.test","+1-202-555-1180","Brightline Systems 180","Website","lost","1370","8","2","96290.26","87","0"
"Riley Carter","lead181@example.test","+1-202-555-1181","Cedar Commerce 181","Facebook","contacted","1322","2","1","185750.42","125","0"
"Finley Reed","lead182@example.test","+1-202-555-1182","Evergreen Systems 182","Website","lost","903","9","2","55075.56","29","0"
"Morgan Young","lead183@example.test","+1-202-555-1183","Northstar Solutions 183","Facebook","contacted","216","6","0","138981.75","117","0"
"Morgan Harper","lead184@example.test","+1-202-555-1184","Oakridge Systems 184","Email Campaign","contacted","948","10","0","10075.34","90","0"
"Casey Keller","lead185@example.test","+1-202-555-1185","Atlas Solutions 185","Website","converted","39","15","5","40870.39","6","1"
"Skyler Warren","lead186@example.test","+1-202-555-1186","Summit Health 186","Website","new","1649","1","4","163785.3","45","0"
"Morgan Turner","lead187@example.test","+1-202-555-1187","Atlas Ventures 187","Referral","qualified","1210","5","0","161848.23","89","0"
"Morgan Reed","lead188@example.test","+1-202-555-1188","Clearpath Media 188","Email Campaign","new","879","1","5","137056.26","110","0"
"Jamie Sawyer","lead189@example.test","+1-202-555-1189","Evergreen Works 189","Facebook","qualified","1571","12","4","61853.1","155","1"
"Parker Harper","lead190@example.test","+1-202-555-1190","Northstar Analytics 190","Facebook","lost","904","0","1","174968.87","23","0"
"Cameron Dawson","lead191@example.test","+1-202-555-1191","Blue Oak Solutions 191","LinkedIn","contacted","1532","7","1","140023.38","4","0"
"Avery Ellis","lead192@example.test","+1-202-555-1192","Keystone Labs 192","Website","lost","1270","13","4","104103.34","51","0"
"Avery Keller","lead193@example.test","+1-202-555-1193","Pioneer Logistics 193","Referral","qualified","1000","15","3","17688.63","19","1"
"Casey Dawson","lead194@example.test","+1-202-555-1194","Evergreen Solutions 194","Facebook","qualified","15","11","1","131663.68","178","0"
"Jamie Reed","lead195@example.test","+1-202-555-1195","Northstar Solutions 195","Referral","contacted","1150","13","5","86310.74","110","1"
"Drew Palmer","lead196@example.test","+1-202-555-1196","Lighthouse Solutions 196","Referral","new","1613","15","0","120600.15","91","1"
"Casey Bennett","lead197@example.test","+1-202-555-1197","Brightline Works 197","Facebook","qualified","780","6","2","60208.7","52","1"
"Drew West","lead198@example.test","+1-202-555-1198","Redwood Commerce 198","Facebook","contacted","953","13","3","93568.42","13","1"
"Taylor Jensen","lead199@example.test","+1-202-555-1199","Atlas Systems 199","Cold Call","new","517","3","1","37328.54","63","0"
"Hayden Dawson","lead200@example.test","+1-202-555-1200","Summit Health 200","Website","contacted","1085","4","2","142137.95","18","0"
"Cameron Lawson","lead201@example.test","+1-202-555-1201","Atlas Labs 201","Website","lost","674","13","5","92704.78","53","0"
"Avery Ellis","lead202@example.test","+1-202-555-1202","Atlas Works 202","Website","new","754","5","3","105481.59","73","0"
"Kendall Foster","lead203@example.test","+1-202-555-1203","Horizon Health 203","Email Campaign","converted","1081","8","3","45159.16","43","1"
"Drew Warren","lead204@example.test","+1-202-555-1204","Atlas Health 204","Facebook","converted","396","6","5","141783.97","29","1"
"Jamie Turner","lead205@example.test","+1-202-555-1205","Northstar Logistics 205","Cold Call","converted","1674","14","5","29543.75","75","1"
"Morgan Whitaker","lead206@example.test","+1-202-555-1206","Silver Birch Supply 206","Email Campaign","qualified","1969","3","5","100089.18","141","1"
"Hayden Palmer","lead207@example.test","+1-202-555-1207","Redwood Partners 207","Referral","contacted","1059","6","0","65980.78","67","0"
"Riley Reed","lead208@example.test","+1-202-555-1208","Redwood Solutions 208","Referral","qualified","1979","5","2","131705.65","98","0"
"Reese Jensen","lead209@example.test","+1-202-555-1209","Atlas Systems 209","Cold Call","qualified","282","10","0","191493.54","161","0"
"Taylor Monroe","lead210@example.test","+1-202-555-1210","Clearpath Labs 210","LinkedIn","qualified","203","13","3","173618.06","129","1"
"Finley Jensen","lead211@example.test","+1-202-555-1211","Blue Oak Commerce 211","Facebook","qualified","1086","4","0","117273.31","161","0"
"Sage Griffin","lead212@example.test","+1-202-555-1212","Silver Birch Partners 212","Referral","lost","1324","4","4","76323.07","91","0"
"Hayden Foster","lead213@example.test","+1-202-555-1213","Northstar Supply 213","Facebook","lost","1368","13","3","61066.12","92","0"
"Rowan Turner","lead214@example.test","+1-202-555-1214","Cedar Solutions 214","LinkedIn","lost","753","8","3","162008.26","23","0"
"Skyler Monroe","lead215@example.test","+1-202-555-1215","Clearpath Labs 215","Referral","qualified","791","5","5","95979.28","81","1"
"Quinn Nolan","lead216@example.test","+1-202-555-1216","Redwood Commerce 216","Email Campaign","new","415","5","4","26060.36","14","1"
"Emerson Carter","lead217@example.test","+1-202-555-1217","Horizon Systems 217","Email Campaign","converted","1916","4","1","13076.64","78","1"
"Morgan West","lead218@example.test","+1-202-555-1218","Cedar Solutions 218","Website","qualified","1773","3","5","171941.27","3","1"
"Emerson Nolan","lead219@example.test","+1-202-555-1219","Redwood Systems 219","Cold Call","qualified","571","4","0","126894.46","37","0"
"Skyler Monroe","lead220@example.test","+1-202-555-1220","Brightline Systems 220","LinkedIn","qualified","1460","5","0","92444.86","1","0"
"Sage Monroe","lead221@example.test","+1-202-555-1221","Northstar Analytics 221","Google Ads","converted","1951","9","5","66621.37","73","1"
"Emerson Sawyer","lead222@example.test","+1-202-555-1222","Silver Birch Works 222","Google Ads","lost","1582","11","3","196191.19","127","0"
"Parker Dawson","lead223@example.test","+1-202-555-1223","Clearpath Solutions 223","Website","lost","673","9","1","82919.1","41","0"
"Cameron Reed","lead224@example.test","+1-202-555-1224","Keystone Commerce 224","Google Ads","contacted","1718","14","3","11800.68","31","1"
"Parker Young","lead225@example.test","+1-202-555-1225","Evergreen Labs 225","Cold Call","converted","1097","6","5","183252.46","63","1"
"Hayden Young","lead226@example.test","+1-202-555-1226","Lighthouse Logistics 226","Referral","qualified","1989","2","5","162785.19","72","0"
"Quinn Dawson","lead227@example.test","+1-202-555-1227","Horizon Commerce 227","LinkedIn","converted","207","13","3","34957.55","77","1"
"Sage Keller","lead228@example.test","+1-202-555-1228","Blue Oak Media 228","Website","converted","1801","15","5","63855.07","40","1"
"Drew Young","lead229@example.test","+1-202-555-1229","Evergreen Solutions 229","Referral","converted","273","10","1","53493.5","68","1"
"Parker Reed","lead230@example.test","+1-202-555-1230","Summit Commerce 230","LinkedIn","lost","1607","2","1","56033.77","85","0"
"Hayden Carter","lead231@example.test","+1-202-555-1231","Atlas Supply 231","Website","lost","704","10","3","68714.78","148","0"
"Riley Monroe","lead232@example.test","+1-202-555-1232","Keystone Supply 232","LinkedIn","converted","733","13","4","103358.27","65","1"
"Jordan Sawyer","lead233@example.test","+1-202-555-1233","Horizon Logistics 233","LinkedIn","lost","1563","3","2","124400.42","55","0"
"Alex Sawyer","lead234@example.test","+1-202-555-1234","Blue Oak Labs 234","Website","converted","1255","12","5","173622.74","81","1"
"Kendall Keller","lead235@example.test","+1-202-555-1235","Lighthouse Health 235","Referral","contacted","1319","4","5","159364.35","33","1"
"Kendall Keller","lead236@example.test","+1-202-555-1236","Summit Works 236","LinkedIn","contacted","1525","9","0","21965.87","129","0"
"Quinn Carter","lead237@example.test","+1-202-555-1237","Silver Birch Systems 237","Referral","converted","224","13","2","15178.98","29","1"
"Skyler Dawson","lead238@example.test","+1-202-555-1238","Evergreen Systems 238","Email Campaign","converted","844","10","4","114295.95","55","1"
"Drew West","lead239@example.test","+1-202-555-1239","Clearpath Partners 239","Email Campaign","contacted","1452","6","0","8580.9","123","0"
"Hayden Whitaker","lead240@example.test","+1-202-555-1240","Pioneer Works 240","LinkedIn","new","76","14","2","136782.34","162","0"
"Jamie Whitaker","lead241@example.test","+1-202-555-1241","Evergreen Ventures 241","Google Ads","converted","971","15","1","41065.08","61","1"
"Hayden Dawson","lead242@example.test","+1-202-555-1242","Clearpath Commerce 242","Referral","contacted","1049","7","4","22994.17","11","1"
"Quinn Nolan","lead243@example.test","+1-202-555-1243","Clearpath Labs 243","Email Campaign","converted","1969","13","5","143049.93","48","1"
"Casey Turner","lead244@example.test","+1-202-555-1244","Evergreen Media 244","LinkedIn","lost","1290","1","4","160614.29","61","0"
"Parker Griffin","lead245@example.test","+1-202-555-1245","Atlas Media 245","Cold Call","lost","1406","1","5","93514.68","66","0"
"Hayden Dawson","lead246@example.test","+1-202-555-1246","Oakridge Works 246","Referral","contacted","1863","0","3","33810.78","48","0"
"Cameron Keller","lead247@example.test","+1-202-555-1247","Pioneer Works 247","Cold Call","qualified","1838","0","3","54783.44","105","0"
"Rowan Young","lead248@example.test","+1-202-555-1248","Blue Oak Logistics 248","Google Ads","qualified","430","12","2","154700.71","133","0"
"Sage Ellis","lead249@example.test","+1-202-555-1249","Keystone Partners 249","Email Campaign","contacted","186","4","0","154833.54","75","0"
"Kendall Foster","lead250@example.test","+1-202-555-1250","Brightline Works 250","Facebook","qualified","253","11","3","113003.11","173","0"
"Morgan Turner","lead251@example.test","+1-202-555-1251","Evergreen Systems 251","Email Campaign","qualified","628","8","4","74459.89","151","1"
"Emerson Keller","lead252@example.test","+1-202-555-1252","Cedar Systems 252","Referral","qualified","821","11","3","142000.91","34","1"
"Avery Sawyer","lead253@example.test","+1-202-555-1253","Summit Analytics 253","Google Ads","new","1547","1","1","129428.67","56","0"
"Jamie West","lead254@example.test","+1-202-555-1254","Summit Partners 254","Facebook","converted","1405","9","2","174952.62","81","1"
"Riley Dawson","lead255@example.test","+1-202-555-1255","Lighthouse Solutions 255","Facebook","lost","162","3","1","43543","47","0"
"Sage Nolan","lead256@example.test","+1-202-555-1256","Redwood Health 256","Email Campaign","new","151","6","1","5907.55","155","0"
"Reese Bennett","lead257@example.test","+1-202-555-1257","Silver Birch Supply 257","Referral","converted","281","15","5","104977.7","88","1"
"Rowan Turner","lead258@example.test","+1-202-555-1258","Pioneer Logistics 258","LinkedIn","contacted","1980","1","0","129176.33","105","0"
"Avery Dawson","lead259@example.test","+1-202-555-1259","Atlas Systems 259","Referral","contacted","1954","15","2","5448.16","16","1"
"Parker Carter","lead260@example.test","+1-202-555-1260","Evergreen Logistics 260","Website","new","1605","4","5","58358.65","106","0"
"Sage Whitaker","lead261@example.test","+1-202-555-1261","Atlas Analytics 261","Google Ads","converted","1160","12","3","167269.93","25","1"
"Reese Bennett","lead262@example.test","+1-202-555-1262","Oakridge Health 262","Facebook","lost","1219","10","1","158515.53","152","0"
"Avery Warren","lead263@example.test","+1-202-555-1263","Summit Supply 263","Cold Call","qualified","1838","9","1","155513.9","164","0"
"Emerson Keller","lead264@example.test","+1-202-555-1264","Redwood Works 264","Google Ads","converted","1341","14","5","129029.84","86","1"
"Hayden Bennett","lead265@example.test","+1-202-555-1265","Lighthouse Systems 265","Referral","converted","1939","9","3","58553.63","27","1"
"Jordan West","lead266@example.test","+1-202-555-1266","Blue Oak Media 266","Cold Call","new","1871","1","0","70143.42","21","0"
"Taylor Jensen","lead267@example.test","+1-202-555-1267","Clearpath Analytics 267","Website","converted","853","15","3","20173.05","54","1"
"Riley Foster","lead268@example.test","+1-202-555-1268","Redwood Solutions 268","Facebook","lost","328","8","1","36524.17","44","0"
"Avery Young","lead269@example.test","+1-202-555-1269","Keystone Logistics 269","Email Campaign","contacted","1890","13","1","165094.62","46","1"
"Drew Turner","lead270@example.test","+1-202-555-1270","Summit Logistics 270","Website","qualified","980","4","0","46267.66","128","0"
"Quinn Sawyer","lead271@example.test","+1-202-555-1271","Pioneer Health 271","Email Campaign","converted","890","15","4","126373.68","87","1"
"Rowan Lawson","lead272@example.test","+1-202-555-1272","Redwood Solutions 272","LinkedIn","converted","1886","10","5","66637.83","61","1"
"Avery Warren","lead273@example.test","+1-202-555-1273","Summit Analytics 273","Cold Call","contacted","1026","10","5","82417.17","68","1"
"Avery Whitaker","lead274@example.test","+1-202-555-1274","Evergreen Health 274","LinkedIn","new","1351","0","5","85052.96","103","0"
"Hayden Keller","lead275@example.test","+1-202-555-1275","Pioneer Supply 275","Email Campaign","converted","525","10","4","168713.54","60","1"
"Rowan Whitaker","lead276@example.test","+1-202-555-1276","Horizon Ventures 276","Referral","new","1109","14","1","59945.2","0","1"
"Drew Foster","lead277@example.test","+1-202-555-1277","Pioneer Logistics 277","Google Ads","contacted","1965","1","2","110249.11","98","0"
"Avery Dawson","lead278@example.test","+1-202-555-1278","Horizon Systems 278","Referral","contacted","1722","9","4","168740.6","32","1"
"Avery Nolan","lead279@example.test","+1-202-555-1279","Summit Health 279","LinkedIn","qualified","893","11","5","51010.35","135","1"
"Drew Sawyer","lead280@example.test","+1-202-555-1280","Oakridge Health 280","Cold Call","lost","1694","15","2","29897.1","155","0"
"Morgan Harper","lead281@example.test","+1-202-555-1281","Clearpath Ventures 281","LinkedIn","qualified","1803","10","0","114107.23","12","0"
"Hayden Sawyer","lead282@example.test","+1-202-555-1282","Clearpath Ventures 282","Website","converted","1437","12","2","112544.09","52","1"
"Morgan Young","lead283@example.test","+1-202-555-1283","Lighthouse Media 283","Email Campaign","lost","458","1","0","156398.96","103","0"
"Emerson Harper","lead284@example.test","+1-202-555-1284","Blue Oak Systems 284","Email Campaign","lost","1803","5","0","180906.99","179","0"
"Emerson Keller","lead285@example.test","+1-202-555-1285","Blue Oak Media 285","Google Ads","lost","546","8","5","110210.54","134","0"
"Jamie West","lead286@example.test","+1-202-555-1286","Cedar Commerce 286","Google Ads","lost","1271","1","3","119657.69","28","0"
"Cameron Harper","lead287@example.test","+1-202-555-1287","Clearpath Labs 287","Facebook","contacted","1689","4","0","75903.95","23","0"
"Emerson Monroe","lead288@example.test","+1-202-555-1288","Evergreen Commerce 288","Facebook","new","855","0","3","82821.25","73","0"
"Rowan Monroe","lead289@example.test","+1-202-555-1289","Pioneer Commerce 289","Referral","converted","683","15","5","134769.02","44","1"
"Sage Reed","lead290@example.test","+1-202-555-1290","Atlas Media 290","Facebook","lost","1366","12","1","36062.47","40","0"
"Rowan Ellis","lead291@example.test","+1-202-555-1291","Cedar Ventures 291","Email Campaign","converted","1225","15","5","119108.29","2","1"
"Riley Whitaker","lead292@example.test","+1-202-555-1292","Blue Oak Logistics 292","Facebook","new","1913","13","1","26554.07","131","1"
"Cameron Warren","lead293@example.test","+1-202-555-1293","Redwood Works 293","Referral","new","669","13","4","28289.62","150","0"
"Parker Harper","lead294@example.test","+1-202-555-1294","Lighthouse Systems 294","Website","contacted","988","9","2","119737.2","80","1"
"Jordan Bennett","lead295@example.test","+1-202-555-1295","Redwood Partners 295","Facebook","qualified","1617","11","1","195431.11","48","1"
"Morgan Dawson","lead296@example.test","+1-202-555-1296","Cedar Supply 296","Cold Call","contacted","732","1","0","123067.99","133","0"
"Alex Turner","lead297@example.test","+1-202-555-1297","Redwood Analytics 297","Google Ads","contacted","979","12","2","177438.34","65","0"
"Cameron Turner","lead298@example.test","+1-202-555-1298","Brightline Works 298","LinkedIn","contacted","625","6","0","151983.23","179","0"
"Jordan Monroe","lead299@example.test","+1-202-555-1299","Horizon Health 299","Referral","qualified","1508","7","1","118309.02","138","0"
"Emerson Sawyer","lead300@example.test","+1-202-555-1300","Blue Oak Analytics 300","Facebook","qualified","182","4","4","193648.21","115","1"
"Jamie Whitaker","lead301@example.test","+1-202-555-1301","Horizon Supply 301","LinkedIn","contacted","215","0","4","180857.74","1","0"
"Cameron Foster","lead302@example.test","+1-202-555-1302","Atlas Analytics 302","Website","converted","1897","11","5","124032.47","24","1"
"Drew Reed","lead303@example.test","+1-202-555-1303","Clearpath Logistics 303","Website","converted","1646","7","5","107298.01","43","1"
"Hayden Palmer","lead304@example.test","+1-202-555-1304","Clearpath Analytics 304","Google Ads","contacted","1963","0","0","178955.06","3","0"
"Kendall Foster","lead305@example.test","+1-202-555-1305","Northstar Systems 305","Website","new","735","9","2","25187.92","141","0"
"Morgan Monroe","lead306@example.test","+1-202-555-1306","Clearpath Systems 306","Facebook","qualified","1374","15","1","59408.11","121","1"
"Jamie Young","lead307@example.test","+1-202-555-1307","Silver Birch Solutions 307","Facebook","lost","1059","3","0","199378.57","150","0"
"Cameron Griffin","lead308@example.test","+1-202-555-1308","Redwood Systems 308","Google Ads","converted","693","13","5","162777.86","69","1"
"Alex Foster","lead309@example.test","+1-202-555-1309","Northstar Solutions 309","Google Ads","qualified","1498","6","0","94563.92","128","0"
"Alex Nolan","lead310@example.test","+1-202-555-1310","Silver Birch Ventures 310","Referral","lost","942","14","1","125404.39","93","0"
"Cameron Whitaker","lead311@example.test","+1-202-555-1311","Horizon Commerce 311","Website","new","729","1","4","22413.57","133","0"
"Avery Harper","lead312@example.test","+1-202-555-1312","Blue Oak Media 312","Facebook","converted","1431","11","5","181713.53","87","1"
"Drew Carter","lead313@example.test","+1-202-555-1313","Horizon Health 313","Referral","lost","1353","5","4","139809.91","65","0"
"Kendall Carter","lead314@example.test","+1-202-555-1314","Pioneer Systems 314","Google Ads","converted","1051","13","4","113614.43","82","1"
"Rowan Keller","lead315@example.test","+1-202-555-1315","Brightline Partners 315","Website","new","729","13","0","187384.62","141","0"
"Cameron Jensen","lead316@example.test","+1-202-555-1316","Northstar Commerce 316","Website","contacted","1141","12","3","61476.49","126","1"
"Parker Turner","lead317@example.test","+1-202-555-1317","Cedar Ventures 317","Email Campaign","qualified","1037","15","1","176254.3","36","1"
"Parker Dawson","lead318@example.test","+1-202-555-1318","Summit Health 318","Google Ads","contacted","1173","4","5","58591.09","33","1"
"Jamie Foster","lead319@example.test","+1-202-555-1319","Clearpath Logistics 319","Cold Call","contacted","397","2","4","90212.51","29","0"
"Hayden Lawson","lead320@example.test","+1-202-555-1320","Keystone Media 320","LinkedIn","converted","588","15","5","27400.91","27","1"
"Quinn Sawyer","lead321@example.test","+1-202-555-1321","Evergreen Analytics 321","Referral","lost","1380","1","4","131167.9","67","0"
"Taylor Reed","lead322@example.test","+1-202-555-1322","Northstar Logistics 322","Email Campaign","converted","67","14","1","79775.01","89","1"
"Cameron Sawyer","lead323@example.test","+1-202-555-1323","Summit Labs 323","Referral","qualified","1994","13","2","66068","74","1"
"Reese Foster","lead324@example.test","+1-202-555-1324","Evergreen Logistics 324","Website","new","1073","2","4","30303.78","173","0"
"Kendall West","lead325@example.test","+1-202-555-1325","Oakridge Analytics 325","Email Campaign","converted","1135","14","3","177017.06","80","1"
"Jamie Dawson","lead326@example.test","+1-202-555-1326","Horizon Partners 326","Cold Call","qualified","1852","5","0","143766.39","47","1"
"Jamie Nolan","lead327@example.test","+1-202-555-1327","Horizon Supply 327","Referral","lost","757","12","2","99616.51","174","0"
"Reese Sawyer","lead328@example.test","+1-202-555-1328","Atlas Ventures 328","Cold Call","converted","111","10","5","182367.12","53","1"
"Cameron Carter","lead329@example.test","+1-202-555-1329","Atlas Ventures 329","LinkedIn","lost","1831","12","2","73534.83","168","0"
"Sage Carter","lead330@example.test","+1-202-555-1330","Blue Oak Labs 330","LinkedIn","contacted","1948","13","0","23517","12","1"
"Casey Reed","lead331@example.test","+1-202-555-1331","Silver Birch Media 331","Email Campaign","converted","1528","12","5","128898.32","58","1"
"Morgan Turner","lead332@example.test","+1-202-555-1332","Oakridge Logistics 332","Facebook","converted","1322","8","5","13802.97","87","1"
"Avery Foster","lead333@example.test","+1-202-555-1333","Oakridge Ventures 333","Google Ads","lost","243","2","5","106949.85","106","0"
"Sage Young","lead334@example.test","+1-202-555-1334","Northstar Commerce 334","Email Campaign","lost","1022","13","0","25046.58","176","0"
"Alex Nolan","lead335@example.test","+1-202-555-1335","Lighthouse Supply 335","Google Ads","lost","897","13","0","173376.46","111","0"
"Finley Young","lead336@example.test","+1-202-555-1336","Northstar Supply 336","Website","lost","294","9","5","185712.17","10","0"
"Emerson Reed","lead337@example.test","+1-202-555-1337","Lighthouse Media 337","LinkedIn","contacted","1283","14","1","88595.01","25","1"
"Parker Dawson","lead338@example.test","+1-202-555-1338","Atlas Logistics 338","Website","lost","1730","11","2","55145.45","119","0"
"Sage Monroe","lead339@example.test","+1-202-555-1339","Redwood Partners 339","Email Campaign","qualified","1295","13","3","149763.95","79","1"
"Rowan Sawyer","lead340@example.test","+1-202-555-1340","Atlas Ventures 340","Referral","lost","1020","4","5","15125.6","97","0"
"Jordan Carter","lead341@example.test","+1-202-555-1341","Atlas Systems 341","Website","contacted","237","4","5","74561.23","12","1"
"Quinn Dawson","lead342@example.test","+1-202-555-1342","Oakridge Ventures 342","Cold Call","contacted","922","11","4","96634.4","108","1"
"Riley Young","lead343@example.test","+1-202-555-1343","Atlas Solutions 343","Cold Call","qualified","137","9","5","174286.13","75","1"
"Skyler Keller","lead344@example.test","+1-202-555-1344","Redwood Systems 344","Google Ads","contacted","62","2","4","129103.57","97","0"
"Finley Palmer","lead345@example.test","+1-202-555-1345","Atlas Partners 345","Google Ads","converted","451","9","4","41284.15","42","1"
"Sage Griffin","lead346@example.test","+1-202-555-1346","Atlas Ventures 346","Facebook","lost","106","0","2","111246.02","43","0"
"Drew Keller","lead347@example.test","+1-202-555-1347","Evergreen Solutions 347","Google Ads","qualified","863","14","0","171006.58","97","1"
"Taylor Palmer","lead348@example.test","+1-202-555-1348","Redwood Works 348","Google Ads","qualified","1327","6","0","119525.32","71","1"
"Morgan Turner","lead349@example.test","+1-202-555-1349","Northstar Commerce 349","Google Ads","qualified","354","15","2","152748.36","121","1"
"Kendall Monroe","lead350@example.test","+1-202-555-1350","Brightline Media 350","LinkedIn","qualified","829","12","4","100077.99","132","1"
"Hayden Nolan","lead351@example.test","+1-202-555-1351","Brightline Ventures 351","Email Campaign","converted","1837","15","2","125175.13","5","1"
"Emerson Reed","lead352@example.test","+1-202-555-1352","Silver Birch Solutions 352","LinkedIn","converted","1245","7","3","17475.26","15","1"
"Jordan Sawyer","lead353@example.test","+1-202-555-1353","Northstar Systems 353","Facebook","new","393","4","0","109722.5","151","0"
"Taylor Jensen","lead354@example.test","+1-202-555-1354","Northstar Partners 354","LinkedIn","contacted","720","13","0","43144.55","153","0"
"Skyler Griffin","lead355@example.test","+1-202-555-1355","Cedar Systems 355","Cold Call","converted","1529","13","4","89021.66","16","1"
"Taylor Jensen","lead356@example.test","+1-202-555-1356","Brightline Works 356","Website","qualified","523","7","0","24049.05","88","0"
"Finley Foster","lead357@example.test","+1-202-555-1357","Summit Partners 357","Email Campaign","converted","1383","9","1","193376.29","70","1"
"Hayden Sawyer","lead358@example.test","+1-202-555-1358","Horizon Health 358","Cold Call","contacted","1384","4","2","146986.64","133","0"
"Alex Palmer","lead359@example.test","+1-202-555-1359","Horizon Analytics 359","Website","qualified","496","0","0","94409.76","166","0"
"Hayden Dawson","lead360@example.test","+1-202-555-1360","Keystone Works 360","Website","qualified","1785","4","1","11067.62","61","1"
"Riley Warren","lead361@example.test","+1-202-555-1361","Clearpath Partners 361","Website","converted","1722","12","2","26981.62","83","1"
"Morgan Whitaker","lead362@example.test","+1-202-555-1362","Redwood Works 362","Facebook","lost","463","5","4","54767.35","40","0"
"Jordan Warren","lead363@example.test","+1-202-555-1363","Atlas Commerce 363","Cold Call","contacted","50","12","1","125290.96","129","0"
"Jordan Nolan","lead364@example.test","+1-202-555-1364","Cedar Works 364","Cold Call","contacted","383","2","1","115664.16","132","0"
"Emerson Nolan","lead365@example.test","+1-202-555-1365","Keystone Analytics 365","Website","qualified","54","4","4","174926.19","144","1"
"Reese Sawyer","lead366@example.test","+1-202-555-1366","Cedar Commerce 366","LinkedIn","contacted","1061","8","1","159479.26","60","1"
"Sage Turner","lead367@example.test","+1-202-555-1367","Silver Birch Works 367","Website","new","1795","7","0","36533.31","151","0"
"Parker Bennett","lead368@example.test","+1-202-555-1368","Redwood Ventures 368","Google Ads","qualified","264","3","4","43620.97","141","0"
"Jordan Turner","lead369@example.test","+1-202-555-1369","Horizon Logistics 369","Website","contacted","173","12","1","6299.19","67","0"
"Skyler Monroe","lead370@example.test","+1-202-555-1370","Lighthouse Media 370","Email Campaign","contacted","1676","8","5","194556.28","178","0"
"Cameron Reed","lead371@example.test","+1-202-555-1371","Oakridge Labs 371","Google Ads","contacted","136","7","5","94349.55","74","0"
"Casey Turner","lead372@example.test","+1-202-555-1372","Evergreen Supply 372","Website","new","1809","6","3","113307.91","173","0"
"Riley Jensen","lead373@example.test","+1-202-555-1373","Lighthouse Works 373","LinkedIn","contacted","483","1","4","106697.18","141","0"
"Riley Griffin","lead374@example.test","+1-202-555-1374","Blue Oak Logistics 374","Email Campaign","converted","515","7","5","187138.12","83","1"
"Jamie Carter","lead375@example.test","+1-202-555-1375","Silver Birch Solutions 375","Cold Call","lost","1815","8","1","172189.72","102","0"
"Finley Foster","lead376@example.test","+1-202-555-1376","Summit Works 376","Cold Call","new","196","11","4","187148.62","136","0"
"Finley Griffin","lead377@example.test","+1-202-555-1377","Atlas Ventures 377","LinkedIn","converted","154","10","2","164547.75","78","1"
"Sage Harper","lead378@example.test","+1-202-555-1378","Clearpath Ventures 378","LinkedIn","qualified","1713","8","1","164269.6","83","1"
"Morgan Sawyer","lead379@example.test","+1-202-555-1379","Lighthouse Solutions 379","Email Campaign","contacted","237","15","2","44239.51","180","0"
"Quinn Turner","lead380@example.test","+1-202-555-1380","Keystone Solutions 380","Email Campaign","converted","585","8","5","5466.26","8","1"
"Jordan West","lead381@example.test","+1-202-555-1381","Redwood Health 381","Website","converted","352","14","5","47931.18","9","1"
"Emerson Keller","lead382@example.test","+1-202-555-1382","Summit Works 382","Facebook","qualified","917","3","3","89490.83","95","0"
"Skyler Ellis","lead383@example.test","+1-202-555-1383","Summit Ventures 383","Google Ads","converted","1710","14","3","140769.16","17","1"
"Avery Keller","lead384@example.test","+1-202-555-1384","Redwood Systems 384","Google Ads","contacted","1942","7","0","12582.25","105","0"
"Hayden Palmer","lead385@example.test","+1-202-555-1385","Pioneer Logistics 385","Email Campaign","qualified","1261","5","4","124036.57","65","1"
"Alex West","lead386@example.test","+1-202-555-1386","Blue Oak Labs 386","Cold Call","qualified","858","0","1","130621.12","80","0"
"Skyler Foster","lead387@example.test","+1-202-555-1387","Oakridge Analytics 387","Email Campaign","lost","561","13","0","37225.77","163","0"
"Rowan Nolan","lead388@example.test","+1-202-555-1388","Northstar Health 388","Cold Call","converted","222","12","1","43012.58","14","1"
"Rowan Palmer","lead389@example.test","+1-202-555-1389","Silver Birch Commerce 389","LinkedIn","contacted","1639","4","3","126331.83","103","0"
"Jordan Harper","lead390@example.test","+1-202-555-1390","Silver Birch Partners 390","Google Ads","converted","1386","6","3","102893.61","48","1"
"Alex Reed","lead391@example.test","+1-202-555-1391","Redwood Systems 391","Email Campaign","lost","217","12","1","98016.5","149","0"
"Morgan Reed","lead392@example.test","+1-202-555-1392","Summit Commerce 392","Google Ads","contacted","862","0","0","103783.77","120","0"
"Alex Jensen","lead393@example.test","+1-202-555-1393","Horizon Health 393","Email Campaign","qualified","617","15","4","32926.56","10","1"
"Hayden Jensen","lead394@example.test","+1-202-555-1394","Silver Birch Media 394","Email Campaign","qualified","677","0","4","73327.38","89","1"
"Avery Dawson","lead395@example.test","+1-202-555-1395","Brightline Analytics 395","Email Campaign","qualified","1955","4","0","182753.91","82","0"
"Skyler Warren","lead396@example.test","+1-202-555-1396","Horizon Media 396","Referral","converted","1665","7","4","141497.39","64","1"
"Drew Ellis","lead397@example.test","+1-202-555-1397","Pioneer Analytics 397","LinkedIn","converted","274","15","5","30145.05","15","1"
"Emerson Young","lead398@example.test","+1-202-555-1398","Oakridge Supply 398","Cold Call","contacted","1406","10","5","180776.3","93","1"
"Jordan Harper","lead399@example.test","+1-202-555-1399","Pioneer Analytics 399","LinkedIn","contacted","744","6","0","83749.89","154","0"
"Finley Turner","lead400@example.test","+1-202-555-1400","Atlas Supply 400","Facebook","converted","1841","9","5","158237.84","60","1"
"Kendall Warren","lead401@example.test","+1-202-555-1401","Atlas Media 401","Referral","converted","898","15","5","42192.91","83","1"
"Finley Ellis","lead402@example.test","+1-202-555-1402","Cedar Ventures 402","Referral","new","1213","11","0","6148.9","177","0"
"Drew Harper","lead403@example.test","+1-202-555-1403","Cedar Systems 403","Google Ads","lost","772","6","3","113678.35","121","0"
"Taylor Griffin","lead404@example.test","+1-202-555-1404","Clearpath Partners 404","Cold Call","qualified","1908","3","3","36349.91","10","1"
"Cameron Lawson","lead405@example.test","+1-202-555-1405","Evergreen Labs 405","LinkedIn","contacted","889","11","1","185403.94","162","0"
"Alex Bennett","lead406@example.test","+1-202-555-1406","Brightline Systems 406","LinkedIn","qualified","261","2","2","90166.25","139","0"
"Cameron Bennett","lead407@example.test","+1-202-555-1407","Oakridge Partners 407","Website","lost","709","6","1","47395.46","153","0"
"Casey Nolan","lead408@example.test","+1-202-555-1408","Northstar Works 408","Website","converted","1062","13","2","196961.25","67","1"
"Taylor Bennett","lead409@example.test","+1-202-555-1409","Keystone Works 409","Email Campaign","lost","881","7","1","39844","157","0"
"Parker Nolan","lead410@example.test","+1-202-555-1410","Atlas Works 410","Facebook","contacted","228","14","4","101119.7","116","0"
"Drew Whitaker","lead411@example.test","+1-202-555-1411","Silver Birch Solutions 411","LinkedIn","contacted","311","6","1","171001.26","45","0"
"Quinn Sawyer","lead412@example.test","+1-202-555-1412","Oakridge Partners 412","Cold Call","new","1397","4","1","58706.46","21","0"
"Skyler Lawson","lead413@example.test","+1-202-555-1413","Lighthouse Solutions 413","Website","converted","315","15","2","168598.19","76","1"
"Jordan Bennett","lead414@example.test","+1-202-555-1414","Evergreen Commerce 414","Facebook","qualified","320","2","4","44580.38","102","0"
"Reese Turner","lead415@example.test","+1-202-555-1415","Brightline Labs 415","Referral","converted","1854","11","5","7522.12","63","1"
"Kendall Monroe","lead416@example.test","+1-202-555-1416","Horizon Supply 416","LinkedIn","new","1884","9","1","159605.98","166","0"
"Cameron Sawyer","lead417@example.test","+1-202-555-1417","Brightline Commerce 417","LinkedIn","qualified","1494","7","4","15610.33","5","1"
"Riley Foster","lead418@example.test","+1-202-555-1418","Blue Oak Health 418","Website","qualified","164","13","5","136974.6","34","1"
"Avery Foster","lead419@example.test","+1-202-555-1419","Cedar Analytics 419","Cold Call","contacted","110","0","2","50646.24","110","0"
"Drew Nolan","lead420@example.test","+1-202-555-1420","Blue Oak Ventures 420","Cold Call","contacted","1662","14","2","32673.67","137","0"
"Hayden Reed","lead421@example.test","+1-202-555-1421","Silver Birch Labs 421","Google Ads","new","1381","10","3","147272.21","72","0"
"Cameron Reed","lead422@example.test","+1-202-555-1422","Redwood Solutions 422","Website","new","634","15","3","21665.46","138","1"
"Quinn Ellis","lead423@example.test","+1-202-555-1423","Blue Oak Solutions 423","Cold Call","contacted","286","13","2","185877.6","28","0"
"Sage Griffin","lead424@example.test","+1-202-555-1424","Summit Health 424","Facebook","converted","1026","12","3","184886.74","18","1"
"Rowan Warren","lead425@example.test","+1-202-555-1425","Redwood Solutions 425","Cold Call","converted","132","13","3","191420.8","53","1"
"Finley Keller","lead426@example.test","+1-202-555-1426","Atlas Media 426","Email Campaign","lost","1424","0","2","126158.82","103","0"
"Casey Lawson","lead427@example.test","+1-202-555-1427","Pioneer Analytics 427","Referral","lost","749","10","0","138499.19","54","0"
"Morgan Nolan","lead428@example.test","+1-202-555-1428","Keystone Labs 428","LinkedIn","qualified","358","4","1","134711.67","39","0"
"Drew Warren","lead429@example.test","+1-202-555-1429","Lighthouse Systems 429","Cold Call","converted","747","15","5","182652.01","83","1"
"Taylor West","lead430@example.test","+1-202-555-1430","Keystone Works 430","Website","contacted","382","8","2","172141.94","168","0"
"Hayden Keller","lead431@example.test","+1-202-555-1431","Summit Labs 431","Google Ads","contacted","976","8","2","88051.18","35","1"
"Riley Harper","lead432@example.test","+1-202-555-1432","Summit Logistics 432","Referral","converted","1910","14","2","127291.15","15","1"
"Avery Harper","lead433@example.test","+1-202-555-1433","Summit Labs 433","LinkedIn","converted","224","7","4","189861","36","1"
"Drew Sawyer","lead434@example.test","+1-202-555-1434","Pioneer Analytics 434","Referral","lost","1617","1","1","123159.25","163","0"
"Casey Griffin","lead435@example.test","+1-202-555-1435","Evergreen Ventures 435","Facebook","qualified","104","7","0","17418.51","109","0"
"Jordan Dawson","lead436@example.test","+1-202-555-1436","Horizon Media 436","Referral","contacted","1237","4","2","5920.05","20","0"
"Alex Griffin","lead437@example.test","+1-202-555-1437","Keystone Works 437","Referral","contacted","101","3","2","157281.93","151","0"
"Taylor Carter","lead438@example.test","+1-202-555-1438","Silver Birch Media 438","Google Ads","converted","507","7","5","157857.93","6","1"
"Taylor Young","lead439@example.test","+1-202-555-1439","Pioneer Partners 439","Referral","contacted","225","1","1","104016.55","100","0"
"Hayden Bennett","lead440@example.test","+1-202-555-1440","Brightline Works 440","LinkedIn","contacted","1413","9","0","116453.44","158","0"
"Drew Turner","lead441@example.test","+1-202-555-1441","Clearpath Systems 441","Email Campaign","qualified","1624","10","0","67625.38","170","0"
"Alex Foster","lead442@example.test","+1-202-555-1442","Silver Birch Supply 442","Website","converted","624","9","4","149889.12","29","1"
"Jamie Dawson","lead443@example.test","+1-202-555-1443","Atlas Ventures 443","Facebook","contacted","1912","0","3","104388.9","166","0"
"Hayden Reed","lead444@example.test","+1-202-555-1444","Keystone Analytics 444","Google Ads","new","347","10","0","147174.82","131","0"
"Taylor Griffin","lead445@example.test","+1-202-555-1445","Pioneer Solutions 445","Cold Call","qualified","477","7","3","149719.48","179","0"
"Reese Lawson","lead446@example.test","+1-202-555-1446","Evergreen Logistics 446","Cold Call","contacted","105","7","0","166476.99","71","0"
"Morgan Reed","lead447@example.test","+1-202-555-1447","Redwood Commerce 447","Facebook","lost","1047","1","2","183338.88","135","0"
"Rowan Jensen","lead448@example.test","+1-202-555-1448","Lighthouse Logistics 448","Referral","qualified","968","2","4","80990.86","65","0"
"Reese Carter","lead449@example.test","+1-202-555-1449","Horizon Ventures 449","Google Ads","contacted","897","4","5","25461.56","78","0"
"Sage West","lead450@example.test","+1-202-555-1450","Keystone Supply 450","Referral","converted","211","12","5","32371.93","85","1"
"Reese Harper","lead451@example.test","+1-202-555-1451","Lighthouse Labs 451","Cold Call","qualified","1289","11","2","167906.64","112","1"
"Morgan Lawson","lead452@example.test","+1-202-555-1452","Evergreen Commerce 452","LinkedIn","converted","320","15","5","107834.82","26","1"
"Parker Monroe","lead453@example.test","+1-202-555-1453","Evergreen Commerce 453","Email Campaign","lost","132","12","5","130034.77","49","0"
"Alex Young","lead454@example.test","+1-202-555-1454","Cedar Works 454","Referral","lost","975","15","1","54718.15","132","0"
"Emerson Turner","lead455@example.test","+1-202-555-1455","Atlas Labs 455","Website","converted","547","6","2","148314.98","45","1"
"Reese Carter","lead456@example.test","+1-202-555-1456","Clearpath Partners 456","Cold Call","new","528","6","2","48111.62","16","0"
"Quinn Harper","lead457@example.test","+1-202-555-1457","Brightline Health 457","Referral","converted","288","12","1","57100.25","33","1"
"Morgan Bennett","lead458@example.test","+1-202-555-1458","Redwood Supply 458","LinkedIn","lost","1882","12","5","126186.18","132","0"
"Morgan Griffin","lead459@example.test","+1-202-555-1459","Brightline Analytics 459","Google Ads","new","1068","14","4","34855.09","81","1"
"Quinn Whitaker","lead460@example.test","+1-202-555-1460","Clearpath Works 460","LinkedIn","converted","78","8","4","169356.62","20","1"
"Reese Keller","lead461@example.test","+1-202-555-1461","Atlas Works 461","Google Ads","qualified","1632","15","2","161404.16","48","1"
"Sage Monroe","lead462@example.test","+1-202-555-1462","Evergreen Partners 462","Website","lost","1337","9","2","189798.26","85","0"
"Avery Nolan","lead463@example.test","+1-202-555-1463","Summit Partners 463","LinkedIn","contacted","51","4","2","66145.71","157","0"
"Morgan Reed","lead464@example.test","+1-202-555-1464","Redwood Media 464","Google Ads","converted","470","14","5","31106.55","27","1"
"Alex Bennett","lead465@example.test","+1-202-555-1465","Pioneer Health 465","Cold Call","converted","208","11","2","29938.79","70","1"
"Cameron Griffin","lead466@example.test","+1-202-555-1466","Clearpath Supply 466","LinkedIn","qualified","1598","15","0","95576.39","129","1"
"Casey Whitaker","lead467@example.test","+1-202-555-1467","Cedar Commerce 467","Google Ads","new","290","3","1","146167.45","3","0"
"Emerson Carter","lead468@example.test","+1-202-555-1468","Lighthouse Media 468","Facebook","qualified","715","15","5","37471.39","144","1"
"Riley Young","lead469@example.test","+1-202-555-1469","Oakridge Media 469","Email Campaign","new","1219","13","5","32506.83","151","1"
"Hayden Sawyer","lead470@example.test","+1-202-555-1470","Pioneer Partners 470","Website","qualified","1457","9","1","106559.06","70","0"
"Jordan Carter","lead471@example.test","+1-202-555-1471","Evergreen Media 471","Website","lost","1827","1","0","6592.97","31","0"
"Jordan Keller","lead472@example.test","+1-202-555-1472","Lighthouse Systems 472","Website","contacted","316","6","1","150589.17","140","0"
"Finley Turner","lead473@example.test","+1-202-555-1473","Horizon Commerce 473","Facebook","contacted","1746","11","3","140823.97","118","1"
"Sage Whitaker","lead474@example.test","+1-202-555-1474","Clearpath Systems 474","Referral","lost","806","14","3","194625.72","86","0"
"Casey Monroe","lead475@example.test","+1-202-555-1475","Atlas Analytics 475","LinkedIn","converted","1995","7","5","128966.96","50","1"
"Hayden Dawson","lead476@example.test","+1-202-555-1476","Atlas Analytics 476","LinkedIn","lost","756","9","1","96535.77","164","0"
"Drew Harper","lead477@example.test","+1-202-555-1477","Horizon Health 477","Cold Call","contacted","226","1","5","139001.83","143","0"
"Sage Reed","lead478@example.test","+1-202-555-1478","Summit Partners 478","Email Campaign","converted","798","13","4","20750.21","85","1"
"Kendall West","lead479@example.test","+1-202-555-1479","Oakridge Health 479","Google Ads","qualified","1561","7","5","96486.97","69","1"
"Avery Warren","lead480@example.test","+1-202-555-1480","Atlas Labs 480","Referral","qualified","290","6","4","90117.01","147","1"
"Riley Carter","lead481@example.test","+1-202-555-1481","Silver Birch Partners 481","Facebook","converted","138","6","5","48887.31","34","1"
"Skyler West","lead482@example.test","+1-202-555-1482","Lighthouse Commerce 482","Website","lost","1574","6","3","41916.2","59","0"
"Parker Whitaker","lead483@example.test","+1-202-555-1483","Silver Birch Commerce 483","Facebook","new","619","1","3","172581.73","46","0"
"Taylor Keller","lead484@example.test","+1-202-555-1484","Lighthouse Commerce 484","Cold Call","lost","593","12","5","36467.05","47","0"
"Rowan Carter","lead485@example.test","+1-202-555-1485","Clearpath Analytics 485","LinkedIn","lost","190","5","0","129697.48","113","0"
"Casey Warren","lead486@example.test","+1-202-555-1486","Pioneer Logistics 486","Google Ads","contacted","1288","0","3","38988.93","41","0"
"Quinn Keller","lead487@example.test","+1-202-555-1487","Silver Birch Ventures 487","Email Campaign","qualified","738","4","4","199362.71","163","0"
"Quinn Griffin","lead488@example.test","+1-202-555-1488","Clearpath Ventures 488","Cold Call","converted","1878","15","4","198279.12","17","1"
"Emerson Monroe","lead489@example.test","+1-202-555-1489","Lighthouse Supply 489","LinkedIn","converted","54","10","3","25162.11","24","1"
"Drew Griffin","lead490@example.test","+1-202-555-1490","Oakridge Systems 490","Cold Call","qualified","1181","12","1","136301.46","42","1"
"Hayden Jensen","lead491@example.test","+1-202-555-1491","Summit Solutions 491","Cold Call","lost","885","12","4","89876.63","8","0"
"Emerson Harper","lead492@example.test","+1-202-555-1492","Silver Birch Media 492","Cold Call","qualified","972","6","1","89578.82","80","1"
"Avery Warren","lead493@example.test","+1-202-555-1493","Evergreen Media 493","Website","lost","1978","4","0","27273.73","19","0"
"Reese Lawson","lead494@example.test","+1-202-555-1494","Evergreen Media 494","Website","qualified","1164","1","1","70243.01","118","0"
"Jamie Whitaker","lead495@example.test","+1-202-555-1495","Northstar Media 495","Referral","converted","1110","15","5","100616.04","66","1"
"Avery Keller","lead496@example.test","+1-202-555-1496","Redwood Partners 496","Facebook","contacted","553","15","1","19060","134","0"
"Finley West","lead497@example.test","+1-202-555-1497","Summit Solutions 497","Google Ads","contacted","144","14","0","135505.72","44","0"
"Riley Nolan","lead498@example.test","+1-202-555-1498","Pioneer Commerce 498","Referral","converted","892","11","3","146534.88","73","1"
"Morgan Monroe","lead499@example.test","+1-202-555-1499","Oakridge Labs 499","Google Ads","qualified","1152","13","3","122189.75","162","1"
"Jamie Ellis","lead500@example.test","+1-202-555-1500","Horizon Media 500","LinkedIn","contacted","1381","5","5","122783.5","162","0"
